{
  "Name": "Flip Flop",
  "Colour": "#F3584D",
  "InputPins": [
    {
      "Name": "Pin",
      "ID": 2044737364,
      "PositionY": 2.58333325,
      "ColourThemeName": "Red"
    },
    {
      "Name": "Pin",
      "ID": 1317351741,
      "PositionY": 1.16666675,
      "ColourThemeName": "Red"
    }
  ],
  "OutputPins": [
    {
      "Name": "Pin",
      "ID": 803190756,
      "PositionY": 0.787037,
      "ColourThemeName": "Red"
    }
  ],
  "SubChips": [
    {
      "Name": "Nand",
      "ID": 1900828072,
      "Points": [
        {
          "X": -4.10185337,
          "Y": -0.249999344
        }
      ],
      "Data": null
    },
    {
      "Name": "Nand",
      "ID": 717966197,
      "Points": [
        {
          "X": -3.87962961,
          "Y": 2.462963
        }
      ],
      "Data": null
    },
    {
      "Name": "Nand",
      "ID": 303311246,
      "Points": [
        {
          "X": -0.805556,
          "Y": 0.259258747
        }
      ],
      "Data": null
    },
    {
      "Name": "Nand",
      "ID": 1926329243,
      "Points": [
        {
          "X": 3.85185266,
          "Y": 0.361110568
        }
      ],
      "Data": null
    },
    {
      "Name": "NOT",
      "ID": 1947727042,
      "Points": [
        {
          "X": -6.16666746,
          "Y": -0.2314812
        }
      ],
      "Data": null
    }
  ],
  "Connections": [
    {
      "Source": {
        "PinType": 1,
        "SubChipID": 0,
        "PinID": 2044737364
      },
      "Target": {
        "PinType": 3,
        "SubChipID": 717966197,
        "PinID": 1997630655
      },
      "WirePoints": [
        {
          "X": -7.837778,
          "Y": 2.58333325
        },
        {
          "X": -4.52462959,
          "Y": 2.582963
        }
      ],
      "ColourThemeName": "Red"
    },
    {
      "Source": {
        "PinType": 4,
        "SubChipID": 717966197,
        "PinID": 823839776
      },
      "Target": {
        "PinType": 3,
        "SubChipID": 1926329243,
        "PinID": 1997630655
      },
      "WirePoints": [
        {
          "X": -3.23462963,
          "Y": 2.462963
        },
        {
          "X": 3.009259,
          "Y": 1.88888907
        },
        {
          "X": 3.20685267,
          "Y": 0.481110573
        }
      ],
      "ColourThemeName": "Red"
    },
    {
      "Source": {
        "PinType": 4,
        "SubChipID": 303311246,
        "PinID": 823839776
      },
      "Target": {
        "PinType": 3,
        "SubChipID": 1926329243,
        "PinID": 1025615625
      },
      "WirePoints": [
        {
          "X": -0.160556018,
          "Y": 0.259258747
        },
        {
          "X": 3.20685267,
          "Y": 0.241110563
        }
      ],
      "ColourThemeName": "Red"
    },
    {
      "Source": {
        "PinType": 4,
        "SubChipID": 1926329243,
        "PinID": 823839776
      },
      "Target": {
        "PinType": 3,
        "SubChipID": 303311246,
        "PinID": 1025615625
      },
      "WirePoints": [
        {
          "X": 4.496853,
          "Y": 0.361110568
        },
        {
          "X": 4.67592573,
          "Y": -1.60185194
        },
        {
          "X": -1.425926,
          "Y": -1.66666651
        },
        {
          "X": -1.450556,
          "Y": 0.139258742
        }
      ],
      "ColourThemeName": "Red"
    },
    {
      "Source": {
        "PinType": 4,
        "SubChipID": 1926329243,
        "PinID": 823839776
      },
      "Target": {
        "PinType": 2,
        "SubChipID": 0,
        "PinID": 803190756
      },
      "WirePoints": [
        {
          "X": 4.496853,
          "Y": 0.361110568
        },
        {
          "X": 7.837778,
          "Y": 0.787037
        }
      ],
      "ColourThemeName": "Red"
    },
    {
      "Source": {
        "PinType": 1,
        "SubChipID": 0,
        "PinID": 2044737364
      },
      "Target": {
        "PinType": 3,
        "SubChipID": 1947727042,
        "PinID": 0
      },
      "WirePoints": [
        {
          "X": -7.837778,
          "Y": 2.58333325
        },
        {
          "X": -6.71666765,
          "Y": -0.2314812
        }
      ],
      "ColourThemeName": "Red"
    },
    {
      "Source": {
        "PinType": 4,
        "SubChipID": 1947727042,
        "PinID": 1
      },
      "Target": {
        "PinType": 3,
        "SubChipID": 1900828072,
        "PinID": 1025615625
      },
      "WirePoints": [
        {
          "X": -5.61666727,
          "Y": -0.2314812
        },
        {
          "X": -4.74685335,
          "Y": -0.369999349
        }
      ],
      "ColourThemeName": "Red"
    },
    {
      "Source": {
        "PinType": 4,
        "SubChipID": 1900828072,
        "PinID": 823839776
      },
      "Target": {
        "PinType": 3,
        "SubChipID": 303311246,
        "PinID": 1997630655
      },
      "WirePoints": [
        {
          "X": -3.45685339,
          "Y": -0.249999344
        },
        {
          "X": -2.416667,
          "Y": -0.175925791
        },
        {
          "X": -2.43518519,
          "Y": 0.444444418
        },
        {
          "X": -1.450556,
          "Y": 0.379258752
        }
      ],
      "ColourThemeName": "Red"
    },
    {
      "Source": {
        "PinType": 1,
        "SubChipID": 0,
        "PinID": 1317351741
      },
      "Target": {
        "PinType": 3,
        "SubChipID": 717966197,
        "PinID": 1025615625
      },
      "WirePoints": [
        {
          "X": -7.837778,
          "Y": 1.16666675
        },
        {
          "X": -4.52462959,
          "Y": 2.34296322
        }
      ],
      "ColourThemeName": "Red"
    },
    {
      "Source": {
        "PinType": 1,
        "SubChipID": 0,
        "PinID": 1317351741
      },
      "Target": {
        "PinType": 3,
        "SubChipID": 1900828072,
        "PinID": 1997630655
      },
      "WirePoints": [
        {
          "X": -7.837778,
          "Y": 1.16666675
        },
        {
          "X": -4.74685335,
          "Y": -0.12999934
        }
      ],
      "ColourThemeName": "Red"
    }
  ]
}