{
  "Name": "Nand",
  "Colour": "#9D5621",
  "InputPins": [
    {
      "Name": "Pin",
      "ID": 1997630655,
      "PositionY": 0.796296,
      "ColourThemeName": "Red"
    },
    {
      "Name": "Pin",
      "ID": 1025615625,
      "PositionY": -0.5277777,
      "ColourThemeName": "Red"
    }
  ],
  "OutputPins": [
    {
      "Name": "Pin",
      "ID": 823839776,
      "PositionY": 0.6851852,
      "ColourThemeName": "Red"
    }
  ],
  "SubChips": [
    {
      "Name": "AND",
      "ID": 38162600,
      "Points": [
        {
          "X": -6.28703737,
          "Y": 0.7314813
        }
      ],
      "Data": null
    },
    {
      "Name": "NOT",
      "ID": 1057197929,
      "Points": [
        {
          "X": -4.09259272,
          "Y": 0.7314813
        }
      ],
      "Data": null
    }
  ],
  "Connections": [
    {
      "Source": {
        "PinType": 1,
        "SubChipID": 0,
        "PinID": 1997630655
      },
      "Target": {
        "PinType": 3,
        "SubChipID": 38162600,
        "PinID": 0
      },
      "WirePoints": [
        {
          "X": -7.837778,
          "Y": 0.796296
        },
        {
          "X": -6.83703756,
          "Y": 0.8514813
        }
      ],
      "ColourThemeName": "Red"
    },
    {
      "Source": {
        "PinType": 1,
        "SubChipID": 0,
        "PinID": 1025615625
      },
      "Target": {
        "PinType": 3,
        "SubChipID": 38162600,
        "PinID": 1
      },
      "WirePoints": [
        {
          "X": -7.837778,
          "Y": -0.5277777
        },
        {
          "X": -6.83703756,
          "Y": 0.6114813
        }
      ],
      "ColourThemeName": "Red"
    },
    {
      "Source": {
        "PinType": 4,
        "SubChipID": 38162600,
        "PinID": 2
      },
      "Target": {
        "PinType": 3,
        "SubChipID": 1057197929,
        "PinID": 0
      },
      "WirePoints": [
        {
          "X": -5.737037,
          "Y": 0.7314813
        },
        {
          "X": -4.642593,
          "Y": 0.7314813
        }
      ],
      "ColourThemeName": "Red"
    },
    {
      "Source": {
        "PinType": 4,
        "SubChipID": 1057197929,
        "PinID": 1
      },
      "Target": {
        "PinType": 2,
        "SubChipID": 0,
        "PinID": 823839776
      },
      "WirePoints": [
        {
          "X": -3.54259276,
          "Y": 0.7314813
        },
        {
          "X": 7.837778,
          "Y": 0.6851852
        }
      ],
      "ColourThemeName": "Red"
    }
  ]
}