{
  "Name": "Or",
  "Colour": "#8F4C72",
  "InputPins": [
    {
      "Name": "Pin",
      "ID": 235162350,
      "PositionY": 1.61111116,
      "ColourThemeName": "Red"
    },
    {
      "Name": "Pin",
      "ID": 1500418422,
      "PositionY": -0.148148239,
      "ColourThemeName": "Red"
    }
  ],
  "OutputPins": [
    {
      "Name": "Pin",
      "ID": 1094904756,
      "PositionY": 1.3055557,
      "ColourThemeName": "Red"
    }
  ],
  "SubChips": [
    {
      "Name": "NOT",
      "ID": 797146813,
      "Points": [
        {
          "X": -6.11111164,
          "Y": -0.194444358
        }
      ],
      "Data": null
    },
    {
      "Name": "NOT",
      "ID": 388521292,
      "Points": [
        {
          "X": -6.0462966,
          "Y": 1.31481469
        }
      ],
      "Data": null
    },
    {
      "Name": "NOT",
      "ID": 1668738965,
      "Points": [
        {
          "X": -0.6388887,
          "Y": 0.490740538
        }
      ],
      "Data": null
    },
    {
      "Name": "AND",
      "ID": 1917017492,
      "Points": [
        {
          "X": -3.31481481,
          "Y": 0.361111164
        }
      ],
      "Data": null
    }
  ],
  "Connections": [
    {
      "Source": {
        "PinType": 1,
        "SubChipID": 0,
        "PinID": 235162350
      },
      "Target": {
        "PinType": 3,
        "SubChipID": 388521292,
        "PinID": 0
      },
      "WirePoints": [
        {
          "X": -7.837778,
          "Y": 1.61111116
        },
        {
          "X": -6.596297,
          "Y": 1.31481469
        }
      ],
      "ColourThemeName": "Red"
    },
    {
      "Source": {
        "PinType": 1,
        "SubChipID": 0,
        "PinID": 1500418422
      },
      "Target": {
        "PinType": 3,
        "SubChipID": 797146813,
        "PinID": 0
      },
      "WirePoints": [
        {
          "X": -7.837778,
          "Y": -0.148148239
        },
        {
          "X": -6.661112,
          "Y": -0.194444358
        }
      ],
      "ColourThemeName": "Red"
    },
    {
      "Source": {
        "PinType": 4,
        "SubChipID": 388521292,
        "PinID": 1
      },
      "Target": {
        "PinType": 3,
        "SubChipID": 1917017492,
        "PinID": 0
      },
      "WirePoints": [
        {
          "X": -5.49629641,
          "Y": 1.31481469
        },
        {
          "X": -3.86481476,
          "Y": 0.481111169
        }
      ],
      "ColourThemeName": "Red"
    },
    {
      "Source": {
        "PinType": 4,
        "SubChipID": 797146813,
        "PinID": 1
      },
      "Target": {
        "PinType": 3,
        "SubChipID": 1917017492,
        "PinID": 1
      },
      "WirePoints": [
        {
          "X": -5.56111145,
          "Y": -0.194444358
        },
        {
          "X": -3.86481476,
          "Y": 0.241111159
        }
      ],
      "ColourThemeName": "Red"
    },
    {
      "Source": {
        "PinType": 4,
        "SubChipID": 1917017492,
        "PinID": 2
      },
      "Target": {
        "PinType": 3,
        "SubChipID": 1668738965,
        "PinID": 0
      },
      "WirePoints": [
        {
          "X": -2.76481485,
          "Y": 0.361111164
        },
        {
          "X": -1.18888879,
          "Y": 0.490740538
        }
      ],
      "ColourThemeName": "Red"
    },
    {
      "Source": {
        "PinType": 4,
        "SubChipID": 1668738965,
        "PinID": 1
      },
      "Target": {
        "PinType": 2,
        "SubChipID": 0,
        "PinID": 1094904756
      },
      "WirePoints": [
        {
          "X": -0.0888887048,
          "Y": 0.490740538
        },
        {
          "X": 7.842593,
          "Y": 1.1944443
        },
        {
          "X": 7.837778,
          "Y": 1.3055557
        }
      ],
      "ColourThemeName": "Red"
    }
  ]
}